{
  "main": {
    "id": "f310ed14ab1a93c1",
    "type": "split",
    "children": [
      {
        "id": "77da5cb4f67410a9",
        "type": "tabs",
        "children": [
          {
            "id": "9c0068edf2c3143e",
            "type": "leaf",
            "state": {
              "type": "graph",
              "state": {},
              "icon": "lucide-git-fork",
              "title": "العرض البياني"
            }
          }
        ]
      }
    ],
    "direction": "vertical"
  },
  "left": {
    "id": "67ae00cfc69746a4",
    "type": "split",
    "children": [
      {
        "id": "23b464fae7ffa08f",
        "type": "tabs",
        "children": [
          {
            "id": "baf91a6585b372a5",
            "type": "leaf",
            "state": {
              "type": "file-explorer",
              "state": {
                "sortOrder": "alphabetical"
              },
              "icon": "lucide-folder-closed",
              "title": "مستكشف الملفات"
            }
          },
          {
            "id": "9eb80fa1512c5b7a",
            "type": "leaf",
            "state": {
              "type": "search",
              "state": {
                "query": "",
                "matchingCase": false,
                "explainSearch": false,
                "collapseAll": false,
                "extraContext": false,
                "sortOrder": "alphabetical"
              },
              "icon": "lucide-search",
              "title": "البحث"
            }
          },
          {
            "id": "fbdb2644eddff284",
            "type": "leaf",
            "state": {
              "type": "bookmarks",
              "state": {},
              "icon": "lucide-bookmark",
              "title": "الإشارات المرجعية"
            }
          }
        ]
      }
    ],
    "direction": "horizontal",
    "width": 300
  },
  "right": {
    "id": "aedfd1ca877b1115",
    "type": "split",
    "children": [
      {
        "id": "569512c55bca05d9",
        "type": "tabs",
        "children": [
          {
            "id": "3dfbd5843798bc59",
            "type": "leaf",
            "state": {
              "type": "backlink",
              "state": {
                "collapseAll": false,
                "extraContext": false,
                "sortOrder": "alphabetical",
                "showSearch": false,
                "searchQuery": "",
                "backlinkCollapsed": false,
                "unlinkedCollapsed": true
              },
              "icon": "links-coming-in",
              "title": "روابط نصية"
            }
          },
          {
            "id": "d960659ff02a66ad",
            "type": "leaf",
            "state": {
              "type": "outgoing-link",
              "state": {
                "linksCollapsed": false,
                "unlinkedCollapsed": true
              },
              "icon": "links-going-out",
              "title": "روابط صادرة"
            }
          },
          {
            "id": "8bfde9ef94b2bd45",
            "type": "leaf",
            "state": {
              "type": "tag",
              "state": {
                "sortOrder": "frequency",
                "useHierarchy": true
              },
              "icon": "lucide-tags",
              "title": "Tags"
            }
          },
          {
            "id": "198da5758779db12",
            "type": "leaf",
            "state": {
              "type": "outline",
              "state": {},
              "icon": "lucide-list",
              "title": "الخطوط العريضة"
            }
          }
        ]
      }
    ],
    "direction": "horizontal",
    "width": 300,
    "collapsed": true
  },
  "left-ribbon": {
    "hiddenItems": {
      "switcher:افتح الانتقال السريع": false,
      "graph:فتح العرض البياني": false,
      "canvas:إنشاء لوحة بصرية جديدة": false,
      "daily-notes:فتح ملاحظة اليوم": false,
      "templates:إدراج قالب": false,
      "command-palette:فتح لوحة الأوامر": false
    }
  },
  "active": "9c0068edf2c3143e",
  "lastOpenFiles": [
    "هياكل البيانات (Data Structure).md",
    "تبديل السياق (Context Switching).md",
    "اختيار هيكل البيانات المناسب.md",
    "أهمية هياكل البيانات لمطور الواجهة الأمامية (Front-end Developer).md"
  ]
}