{
  "collapse-filter": true,
  "search": "",
  "showTags": false,
  "showAttachments": false,
  "hideUnresolved": false,
  "showOrphans": true,
  "collapse-color-groups": true,
  "colorGroups": [],
  "collapse-display": false,
  "showArrow": false,
  "textFadeMultiplier": -0.2,
  "nodeSizeMultiplier": 1.06979166666667,
  "lineSizeMultiplier": 1.98854166666667,
  "collapse-forces": true,
  "centerStrength": 0.395833333333333,
  "repelStrength": 9.58333333333333,
  "linkStrength": 0.536458333333333,
  "linkDistance": 172,
  "scale": 0.5359795996226011,
  "close": true
}