{
  "main": {
    "id": "c24715c8cd5a7ab6",
    "type": "split",
    "children": [
      {
        "id": "08c7566ea4ae558e",
        "type": "tabs",
        "children": [
          {
            "id": "3d893aeac7c9554e",
            "type": "leaf",
            "state": {
              "type": "markdown",
              "state": {
                "file": "Data Structure/Interface VS Class.md",
                "mode": "preview",
                "source": false
              },
              "icon": "lucide-file",
              "title": "Interface VS Class"
            }
          }
        ]
      }
    ],
    "direction": "vertical"
  },
  "left": {
    "id": "0f5021fe11b597a7",
    "type": "split",
    "children": [
      {
        "id": "1456adcf066159d5",
        "type": "tabs",
        "children": [
          {
            "id": "3e01cb8410fbd652",
            "type": "leaf",
            "state": {
              "type": "file-explorer",
              "state": {
                "sortOrder": "byModifiedTimeReverse"
              },
              "icon": "lucide-folder-closed",
              "title": "Files"
            }
          },
          {
            "id": "34ab51328d9b3861",
            "type": "leaf",
            "state": {
              "type": "search",
              "state": {
                "query": "",
                "matchingCase": false,
                "explainSearch": false,
                "collapseAll": false,
                "extraContext": false,
                "sortOrder": "alphabetical"
              },
              "icon": "lucide-search",
              "title": "البحث"
            }
          },
          {
            "id": "d9dfb5be54ca98b0",
            "type": "leaf",
            "state": {
              "type": "bookmarks",
              "state": {},
              "icon": "lucide-bookmark",
              "title": "الإشارات المرجعية"
            }
          }
        ]
      }
    ],
    "direction": "horizontal",
    "width": 300
  },
  "right": {
    "id": "b11b10ed4cfc6c4c",
    "type": "split",
    "children": [
      {
        "id": "a6bb1f4edcfad738",
        "type": "tabs",
        "children": [
          {
            "id": "385590c879bc2404",
            "type": "leaf",
            "state": {
              "type": "backlink",
              "state": {
                "collapseAll": false,
                "extraContext": false,
                "sortOrder": "alphabetical",
                "showSearch": false,
                "searchQuery": "",
                "backlinkCollapsed": false,
                "unlinkedCollapsed": true
              },
              "icon": "links-coming-in",
              "title": "روابط نصية"
            }
          },
          {
            "id": "dd2dfd18a18ce5b1",
            "type": "leaf",
            "state": {
              "type": "outgoing-link",
              "state": {
                "linksCollapsed": false,
                "unlinkedCollapsed": true
              },
              "icon": "links-going-out",
              "title": "روابط صادرة"
            }
          },
          {
            "id": "25c24a080e4b5ffb",
            "type": "leaf",
            "state": {
              "type": "tag",
              "state": {
                "sortOrder": "frequency",
                "useHierarchy": true
              },
              "icon": "lucide-tags",
              "title": "Tags"
            }
          },
          {
            "id": "0d5c1a6aa2d10e68",
            "type": "leaf",
            "state": {
              "type": "outline",
              "state": {},
              "icon": "lucide-list",
              "title": "الخطوط العريضة"
            }
          }
        ]
      }
    ],
    "direction": "horizontal",
    "width": 300,
    "collapsed": true
  },
  "left-ribbon": {
    "hiddenItems": {
      "switcher:Open quick switcher": false,
      "graph:Open graph view": false,
      "canvas:Create new canvas": false,
      "daily-notes:Open today's daily note": false,
      "templates:Insert template": false,
      "command-palette:Open command palette": false
    }
  },
  "active": "3d893aeac7c9554e",
  "lastOpenFiles": [
    "git & github/Git commands.md",
    "git & github/git & github.md",
    "git & github/Important.md",
    "Data Structure/Queue in Java.md",
    "Data Structure/Stack concept and behavior.md",
    "Data Structure/Asymptotic Notation.md",
    "Beyond Fundamentals/Objects.md",
    "Beyond Fundamentals/Iterations.md",
    "fundamentals/Programming Syntax.md",
    "git & github/Version Control.md",
    "Data Structure/أهمية هياكل البيانات (Front-end Developer).md",
    "Data Structure/Data Structure.md",
    "Data Structure/Dynamic array operations.md",
    "Data Structure/Dynamic Arrays.md",
    "Data Structure/التخزين في الذاكرة ArrayList.md",
    "Data Structure/Two Dimensional Array.md",
    "Data Structure/Array.md",
    "Data Structure/Growth Function.md",
    "Data Structure/Deque.md",
    "Data Structure/ArrayDeque.md",
    "Data Structure/Queue.md",
    "Data Structure/Interface VS Class.md",
    "Data Structure/Technical Examples (Stack).md",
    "fundamentals/Conditional Code.md",
    "Data Structure/Multi dimensional array.md",
    "Data Structure/Shallow Copy VS Deep Copy.md",
    "Untitled",
    "git & github",
    "Untitled.canvas",
    "Beyond Fundamentals",
    "Data Structure",
    "fundamentals",
    "بدون عنوان.canvas"
  ]
}